"country","avg.2010_2019","X1990","X1991","X1992","X1993","X1994","X1995","X1996","X1997","X1998","X1999","X2000","X2001","X2002","X2003","X2004","X2005","X2006","X2007","X2008","X2009","X2010","X2011","X2012","X2013","X2014","X2015","X2016","X2017","X2018","X2019","X2020","X2021","X2022","X2023"
"Albania",0.182205171726042,"18.777757922362177","-10.951988960220795","-11.99358088556251","11.208208122816824","3.1098432210836791","16.357511014713396","16.13250852221714","5.5723943934034361","17.337435974722489","14.899579345076805","25.891349184655198","28.925218786438521","25.516716576411891","26.258268878035267","29.384836816314376","30.106494615217709","29.068942899269391","23.954293125558245","17.730924034090712","17.335896827340424",19.9676166726829,20.5454589869746,19.6251008726206,17.7412920007614,15.9293874874597,16.8639794428582,17.0490732471495,16.5293717538814,20.5000046954557,17.4538865661974,"17.65721448645289","21.140489132551178","21.035003412436044","21.966458487691352"
"Algeria",0.438487986751116,"23.977688119031043","32.259322472198782","..","..","..","..","..","..","..","..","..","..","..","..","..","50.723301454146743","53.690661292422995","55.806695499457959","56.619392233983092","47.951550537096956",51.2246917782577,49.9884990977608,48.7214581573368,46.6091921321033,44.6816138062205,39.0474245747252,39.7661646648658,39.5071431458833,40.4707867726198,38.4710126213425,"33.337086510301823","38.288655156205053","44.0744263963794","40.5777787869868"
"Argentina",0.149060153156798,"16.043375351621062","13.561856030418909","13.651642792925726","16.250527912260186","15.648362453387197","16.511632270059788","17.13007735630843","16.66428242664292","16.12973432759582","13.661916375334487","14.368437695825756","14.214072822783061","21.34317687823917","21.7345330075457","13.782834874786493","13.708609732895324","21.417229539398495","22.231444171701344","21.12680239805287","18.321366304632651",17.3318557921569,17.3332165460366,16.2099451316674,15.1944663729121,15.909027608976,14.3058273001867,14.6222549674317,13.0688485783361,11.3939154141372,13.6907954449568,"15.012135318938558","19.412895107575761","17.219937124876459","15.891741780653824"
"Armenia",0.145853463288409,"..","..","..","-5.4394105510132853","2.5688297783348162","-2.1299177533343361","1.7875888339848454","3.914112606810829","0.7561743076490437","2.8340555504992726","-0.92701687966336521","5.4119836308567866","10.24540582802055","16.341811815503995","19.714835101296167","24.307317917495837","28.54483303293361","28.600692629381118","27.904920347990487","14.047556655861662",13.200763048602,11.095722762862,14.0967327906916,14.836719782724,13.2812572210453,18.4537774287326,17.8749653628263,17.1784579074194,15.553575766877,10.2814912166284,"15.655732393428789","19.662447649442015","22.503910915733304","18.979418117465759"
"Australia",0.225253759228487,"24.44789554131664","20.836268835486763","18.342231184633139","20.331481858382116","21.877658026748129","20.636648721364402","20.900087603319552","21.814165832526172","21.628200705438186","20.630597348838428","21.195907959463682","20.747578198498353","21.779979953355735","21.082940551502617","21.521083947643145","20.98001199723662","21.65708047885132","21.360623464153804","21.893339705951654","23.996809447350469",21.779589193384,23.233863755159,24.2816686227821,23.8825387040325,23.5587570521884,22.6130541293527,20.6104635837291,21.6646108801241,21.504535529276,22.124677778459,"23.446660152229455","25.452824444142379","25.09926776552409","23.971493725494092"
"Austria",0.270528883612526,"..","..","..","..","..","..","..","..","..","..","..","..","..","..","..","26.8843124330231","27.609623855013133","28.9800155852079","29.46447764714933","25.718931378399461",26.5297208029823,26.929190381546,26.5517225984531,26.4443050886665,27.1527539950713,26.3436242170595,27.7247046722407,26.9635636655762,27.4632777540077,28.4260204369228,"29.29707517601371","29.135976469550744","27.514758748639025","26.274359993915418"
"Bahrain",0.325231751924671,"31.818601667481193","13.660381236108435","10.584670620311911","10.129140083899932","14.569497238906804","16.392689385909016","16.364901633881317","14.920629537024421","7.7840547402677807","6.4690484434916558","25.733251126142648","18.239961245018563","22.827817451956665","25.547485309056157","24.105475623222745","35.966348780195325","42.208622278050917","48.088998443175946","43.726163747892365","28.585930987145165",33.1284892921456,29.6615729841606,38.9408099688474,35.876193329386,34.1382098088871,27.0588350740386,28.600290095317,32.1659645679001,32.0008791764241,33.6605076275644,"28.241737446150072","34.464493172665655","39.598435034979282","34.851203651384637"
"Bangladesh",0.376074563321831,"23.024411863470483","22.560405924653214","21.994003830074575","20.901202135504981","22.417160059284477","22.146154490517883","23.138794083200352","24.397478698651984","25.834054726151884","26.659956815379321","27.7974576904575","28.422290432944404","30.749176431081825","30.164596698861047","31.577400668176558","32.359407256824156","35.341190936004011","36.317462584394875","37.381877796760392","38.976393916720014",38.7817739319855,38.059489785547,40.5995794494189,39.745387710533,37.7792321968568,36.7309559824005,37.280299201621,35.2852031466044,35.4590395013776,36.3536024154867,"37.1888662137067","36.051174233545957","33.9494644149112","34.904359882013296"
"Belgium",0.239212602558375,"..","..","..","..","..","..","..","..","..","..","..","..","26.371767747410019","26.224228559027331","27.19434757542739","27.316822170972614","27.848000965726584","28.779584869825513","27.4273411880211","24.282629957044648",24.3820400904232,22.6227585513132,23.8234148499025,23.5217801711409,23.6160903932113,24.2517440637953,24.1059871833229,24.3453287893002,23.7790601854148,24.7643982805505,"24.467362474010756","26.457909833210074","24.249824500614174","23.904537413272827"
"Belize",0.185941096613898,"59.755094581010695","57.8964997487858","31.41113105924596","32.516437537358037","27.85781432085977","28.096782858189368","25.6885761297526","18.983117700938859","16.8798224852071","18.206585711072233","22.731572289928877","16.181701458417898","14.380532201818813","12.247149488805611","13.706987259171866","16.796117530901981","22.551870307696571","21.881137540927476","20.287046897222211","21.127836389641171",18.5898784114614,21.3237544541062,19.6929179143725,17.7832454809855,17.9545959647106,20.2591213536162,20.813807413222,18.2138140739667,15.3835286379241,15.9264329095327,"22.695026223095674","22.438663015503419","19.11506592833744","21.969251711352431"
"Benin",0.164808306890875,"9.6883737377689627","10.75654139066476","9.5752064164883333","9.6853133374998155","14.506101473548846","15.89711153794355","15.243891330184256","16.18785117599197","15.798575236332635","12.456530472493101","12.683879166683647","13.278921809742993","13.613288752563871","11.366391004075247","13.256865781635682","12.190929724022736","12.46486563968473","14.045190406808967","12.641740750266841","11.454386753592951",11.3872624211694,12.1258515407338,13.5331677387815,16.2831559488553,18.6043786814909,14.0978645778719,17.9518374129043,18.2530062399792,20.3473009920868,22.2244813370021,"21.5807817594756","22.842768429383135","28.778210884003393",".."
"Bolivia",0.197557751826959,"9.5459882298071541","8.884363690996155","8.4805547168470827","7.7987475240831179","10.199565840513792","11.168786642948774","12.069211957419702","12.582138494101056","12.822161458331832","10.657470719206707","11.015088389057999","11.256232612947176","12.297067153830845","14.485719686130222","17.046646348709075","19.882483409039182","26.582244785912479","28.636097506262409","28.983280969389725","22.899887246800386",24.8491394995017,26.3174175698526,25.6940564279268,23.8909396636319,20.7894778416722,14.2169253682966,15.4200514283942,16.0570289027472,16.1277862660428,14.1949288588934,"12.482264443334193","13.849045740837331","13.939481871791562","12.01922926314122"
"Botswana",0.324462562759319,"41.647819683237913","44.996393670739522","41.398507070268295","43.739229120547449","29.322317957083676","29.008248974867335","36.913228500433178","37.491516891742663","40.527018375815047","39.691031004010931","39.441437350485","43.393177166678868","31.434561404553573","35.67831752675518","34.270372934879539","40.436715703604236","41.346296741458488","44.516104072947883","37.088528454928564","27.424000433842664",32.0369221004781,38.6149723777198,36.8743362754926,29.922466445784,36.4426637314615,31.3073044002376,30.1262787899122,30.796215415942,26.8294543244952,31.5119488977962,"24.187868782673597","32.05430505254354","36.681857001563436","35.956252809958919"
"Brazil",0.15485495580302,"18.920135035532475","18.7329794645523","20.198383577852429","20.25436121529043","19.115040360613268","14.439362707423125","14.041321016100468","13.711158574772009","13.890452939410197","12.736901451250182","13.991703128315214","13.594597375319994","15.405872269643609","16.417941808670435","18.855018861684663","18.114095533966392","18.409816322752022","19.346360315166731","19.226846663099963","16.380365025047841",17.8023993566141,18.6012664311454,17.678108528341,18.1516908308164,16.1344049935616,14.5293471801657,13.4217530068461,13.5777696899144,12.7074199533443,12.2507958322711,"14.793329184373254","17.156485866461423","15.955116099468041","15.540583974839137"
"Brunei Darussalam",0.582539773167677,"..","..","..","..","..","..","..","..","..","..","..","51.787696126829843","54.516224288235762","56.94785679512384","56.770648230433181","63.941456338298543","66.208597042425481","61.739209738021593","69.492591636707871","58.287989191466814",60.15154555826,63.7858067890035,62.9040807611642,60.2794126685451,59.8076366760422,57.1182687088944,56.4115796642344,55.3364206174156,53.2133009712721,53.5317207528456,"50.885994710408568","49.735685278807296","50.382596467391238","45.962429158594517"
"Bulgaria",0.231134347489374,"14.655016677461855","17.337391304347825","12.823336653386455","6.21552980930077","8.5097488584474767","25.565018017883833","9.956693826958416","21.354719476941295","25.190229941422466","16.112580313853332","13.483798896627802","15.721540721081736","17.985153410415151","16.809831743862251","16.977015339124634","16.756853442118267","14.944679140627942","9.63073336467823","14.784488172877385","19.627196342053345",21.1797538908945,22.4239659754795,22.2732594847795,23.8892099931209,23.1794279719248,22.0464311180805,23.6739648913928,25.0128233955297,23.4081555712396,24.0473551969318,"20.680525529721823","20.45807226454103","20.083422086285761","20.535033585471403"
"Burundi",0.0614212823851381,"8.7039413602983533","11.681514043822288","5.1437104863729113","12.111576469772302","5.4172751248007751","6.017278401086382","3.7375572973995705","6.0407461224864321","0.66530331867602355","2.4180286821496391","1.3279678495245855","1.4898836473421802","4.2001734833544431","6.755630908134064","6.5873177153062148","15.349424460607958","8.0074738529658429","7.3374335656348046","-1.5047309516509579","9.85453402590192",3.21313433752747,1.95173031827764,10.8824792965122,3.93252302393491,-0.500763519960478,12.1264406661441,7.25758459192548,7.37870527880964,5.51780106703573,9.66164732493142,"10.649260346945692","12.566716098775077","9.97861938954023","11.007047591662214"
"Cambodia",0.223753207182443,"..","..","..","-1.4592240771227356","4.49925385598084","5.6167247846230053","4.6745981957533234","8.5399863263003279","7.2339920896352368","13.020769071798918","14.683329231376266","17.29351251924766","19.34754822306693","16.696169687895836","16.208765650131411","14.895817534599292","17.592497072225136","17.789321405338217","16.697137717197464","14.933483962053588",18.3421773553563,16.7893752947732,18.9133930307839,19.0619428294574,21.2940234572975,22.9390336317365,22.8048280679225,25.0783729354626,25.951934881936,32.5781256977174,"35.761270111444446","35.365972675931239","38.284444510997886","38.843092809263212"
"Cameroon",0.153665262996497,"16.186768646357979","15.419138850183897","11.066106478853843","16.082269783436242","18.038084644412503","19.685051116412982","16.403137927469611","17.558221150989432","17.335486835385186","16.542379206438397","14.381484724280504","12.157824861927255","11.911756136837864","14.190985594230554","16.91747745110214","16.870375169181074","19.320321961151073","18.885963008423928","17.516534906087855","16.141050285621",15.2982040145431,15.5227665008286,15.1163554275669,15.3338084113917,15.2243858420723,14.3156939343018,16.4568941322377,16.2893837257787,15.7078498598528,14.3999211479235,"13.348618765419678","13.939628059460194","15.605788851694873",".."
"Canada",0.203239047443815,"17.759890764972837","15.142207882611217","14.056917651051815","14.883827947969444","16.982990179113155","18.949594812255636","19.461567580577622","20.196734015001663","19.774214276070825","21.095886781962246","23.774628073121796","22.635489053482036","21.724737198021931","21.943777150401985","23.660504071831571","24.451754139056916","24.617277079787335","24.4043195574877","24.247409305480758","18.520013474571588",19.312530097616,20.8571094113825,20.9179512281937,21.5972984025064,22.1484938947536,19.5693636315682,19.1464545719812,19.845280989292,19.5829312304021,20.2616339861192,"19.461889002372317","23.290778244750555","24.074784587365048","21.924599002673226"
"Chile",0.218072178221673,"23.665130888853138","22.667001556609389","21.817224704208478","21.246929282632713","21.51975589565933","24.23508735791459","25.318326399942542","25.076359769833157","23.3949811243072","22.483316264988922","22.501724287909855","22.954006883279281","23.121689709071372","23.537828588537625","24.427733185093608","25.130209747263748","27.649881037478291","27.434231005887604","24.14920778549136","24.276937247315946",25.627693745616,21.6861214946447,23.4686620904117,22.6663181534405,21.6794794791038,22.7338614190882,21.0878070345268,19.8421251133435,19.6037090588864,19.6764006326117,"19.085548677336625","16.625446570735594","16.837004435983225","19.338198990295705"
"China",0.467181689506153,"36.694189756245116","38.501169735599646","40.605552626024519","41.707234617353407","41.69672689004652","39.530099733356813","38.759124188298486","39.742242181975293","38.347084943467294","36.55791218450414","35.739553531728042","37.269297371693312","38.883220893079425","42.413504343438667","45.672367335074263","45.954784312021019","48.260505424376767","50.275226215447177","51.78758738405417","50.373042082547236",51.3267135766309,49.2333282501259,48.6653634062587,47.3783915431545,47.6158184131896,45.4175894313738,44.3806614370311,44.9050475034286,44.4857479859689,43.7730279589906,"43.9264166508497","45.470684635519767","45.813824611118683","43.607186613065629"
"Colombia",0.177013033400181,"20.880999021521816","22.936971397781321","19.085338755368639","17.902653182055264","19.101415176269626","18.507087536764516","15.109326154663982","13.498266054855772","12.87348160840733","13.539634199557812","13.574968672597388","12.834635393711228","13.925460616832149","15.39649530557293","16.828364402706505","18.424069096692616","19.010772289036819","18.638649868679042","19.568208607597303","18.669996638601706",18.4559135277445,19.3455564254972,18.3713284261771,18.1897993478304,18.1560951133674,17.3698672741382,17.4778572831634,17.1021276324029,16.3655824640151,16.1789059058448,"14.437460219909198","13.059873371022897","13.539096896044228","11.312937500426244"
"Congo, Dem. Rep.",0.15034156516854,"..","..","..","..","..","..","..","..","..","..","..","..","..","..","..","7.3624217532321072","11.825032898485702","13.070581204595838","3.4531866460510625","8.5436361628572772",19.9403579524423,19.1681383413157,8.15800079990761,12.5392497517726,15.3931346883369,12.3090628509051,10.8543723268752,21.6499452975083,15.8415952108928,14.4877079485832,"22.441779002688882","26.459079047830631","26.911050952925791","29.567579394326142"
"Congo, Rep.",0.472645806552712,"31.77735958007008","17.57838974881215","32.332102073078659","21.211464255284117","28.807953298890016","-2.3017496682331178","-0.2092482887176165","9.2748130116751124","6.0243474479334695","17.682095742889267","36.172629740432214","22.025235322167877","23.54827370397944","30.741573447338986","17.045043350692374","32.698088481249791","42.004904226197446","33.348470798808869","43.492453670080224","40.19205721454933",54.0443063371664,50.0898262278917,57.5017258500525,57.8501801216832,56.6381735831881,39.5434917277291,24.8695397877742,NA,NA,37.5794016066847,"36.292995109610239","31.656027635491142","..",".."
"Costa Rica",0.143790686351892,"19.357231041761857","13.178888298404349","14.614966940513865","13.099861611308203","15.244405429273403","15.892266735658723","14.138785595353657","15.729374235402865","17.439231200054085","15.744081633759155","15.770783852768172","16.572938180248162","14.357214508899945","13.419974160323827","14.880800921271534","14.179046498771223","16.447090072991386","17.117005785893088","15.242355679794118","15.781804837042406",15.8017129041356,13.7990461337207,13.8379894190527,13.8345319589992,13.4957808109534,14.6225454444807,15.8807370539616,14.2437090330734,14.3836429457592,13.8909906477553,"14.884609022935678","14.5296479485533","13.946083307512778","14.308379784912976"
"Cote d'Ivoire",0.0816364963809384,"..","..","..","..","..","..","..","..","..","..","..","..","..","..","..","-18.752923441707143","-18.266880100333776","-19.902974472659331","-13.984217195525552","-12.23455870914176",-11.3676331464475,-12.4490286914098,-9.90077028993937,-8.31457865881536,22.7890998181656,22.4324710198086,22.4314675677744,19.2374426995924,17.868642009292,18.9093840529174,"17.747871816506173","19.05099755086027","18.1897612431985",".."
"Croatia",0.204851505508259,"..","..","..","..","..","..","..","..","..","14.97117687343029","17.803634968493348","18.260575058355869","17.47359537316963","18.11687208592447","19.955898398177055","18.802410269928536","20.306760498383738","20.330577392531271","18.811202627862965","17.786790489996338",18.1428008058667,17.2039540134161,15.8104550818609,17.8391709250901,18.4700968163166,22.2457869421232,22.1812341076619,24.4184285390035,23.8734161547031,24.6661621222174,"22.591913329999354","22.592964453649998","22.998871073136023","24.269452375953268"
"Cyprus",0.132255593374581,"23.096056073581291","17.157166584856473","18.556227384036116","24.7769275497133","25.957351212972256","21.129043818755981","19.3236351152769","17.540560727696995","24.983578974390745","17.699252844578627","16.049601586770105","15.685474106070338","17.315922134674622","17.936718870257412","17.084833274533505","16.977109786541249","16.863926070094013","12.851909940734926","13.881692528132275","15.844400527188968",13.039656463232,16.3486366158225,12.0731015536171,11.0588186216071,9.17812035340465,13.0028618430076,13.1321172639405,15.3749581363421,15.0638362304815,13.9834862931264,"10.96015851439328","14.484288605392418","15.594440077400554","11.166039921393462"
"Czechia",0.235955394881237,"..","..","..","28.463988139480247","28.944569721789726","30.280200012401671","29.502499378044039","27.094185666020998","29.169677138187485","27.691720137552011","28.088024191657436","28.119569802788629","26.18885175438399","24.889005182809949","25.448515812603546","26.430642263956805","26.08042769121074","27.6142652158985","26.901372438768938","23.0958640389012",21.0809430111006,21.1066352237421,22.6335507356647,22.8515812454994,23.9188494747839,25.6145402041401,24.5587116303609,25.1686650342836,24.686143146311,24.3357751753505,"24.088041010764307","24.344482083391711","23.242272435345615","25.114479989704886"
"Denmark",0.274831762052373,"22.583207498840792","21.583961591918165","22.012339031999964","21.968428114992619","21.661567172999241","22.799712791824202","22.892189353635413","23.797116614982762","23.415104270911641","24.245927366250612","24.894230967475661","25.851848666494881","25.168802611259046","25.15817530720496","25.753387185952437","26.223190845444034","27.457323064377853","26.540866060966462","26.890892303053942","22.620115689512129",24.2219767931456,25.3354214450752,25.2820267612672,26.731771086216,28.5475277460707,28.4990301142502,28.7665043505098,29.2794276364168,28.8372724830266,29.3308036363949,"29.988191319906814","32.277739123845514","36.352634668235943","32.659704599034427"
"Dominican Republic",0.20435575047488,"16.162197036989014","13.94843111190934","11.853542953244826","16.039902141132117","18.316896343827711","17.946579019570049","19.613094948690758","21.093575018774093","25.831077071623977","24.713396343729226","23.129881989825325","23.697074420711377","23.798405144173394","23.6324829374453","24.765897788528516","21.998910074697818","23.020350797775968","22.699073113659079","20.112198282986991","18.169653533109571",18.52283537939,17.1313848007504,17.5613331018236,18.251243015048,19.5866103558932,21.3468975698842,21.5888476381438,22.0071480902577,24.0465733328485,24.3128771908407,"22.849418663136749","27.856504441578195","27.679872879688531","27.487484686600578"
"Ecuador",0.239211961639947,"17.76415141360873","18.2671643725713","21.574447292262484","14.781898757943262","15.346600318742491","14.512289528689386","16.761081162761","16.918236720570846","14.940176518756893","22.073358390054722","26.62575837692372","18.819054942993432","17.812394310433238","18.042652305888758","18.970646967480235","22.905603466757476","26.51469569044097","27.351702542935652","30.487457906357594","24.883509799682479",24.8168020642268,27.5956978464112,27.0560358759764,27.2669540464466,26.5544051178952,20.625722767962,21.2593737638321,22.0809584801112,21.1907764792618,20.7652351978234,"19.813838330476138","23.810226409504516","24.133015788733275","23.514646524007247"
"Egypt, Arab Rep.",0.138300737403004,"31.684120354906053","34.92790115555556","35.475630553558588","31.625027835051544","23.926628114285712","22.243441960784313","18.751829816913688","17.736939827002644","18.959359777313846","18.895144213263979","17.583873419582478","18.610671034290494","18.407987595671681","18.648095808383232","21.112219245827323","21.842292107706594","22.976736279747449","23.555298200859291","23.62350083752094","16.83984206486279",17.9503889441406,16.8687182554154,12.8782110228698,13.6832216190067,11.8849607981221,9.59346470804861,9.71004152210822,12.4765276949588,16.0827781063821,17.1724247319514,"13.453391834346457","10.854025738770243","12.754077143767931","11.176024312462507"
"El Salvador",0.134547873395055,"11.637244711685664","12.189777762858073","16.710104410403773","18.105785641747193","20.634111804816243","19.182065578445425","14.168029282407179","15.285602484896868","19.021681311422867","16.619016842758064","15.714992464484952","18.39061852841176","15.591487913759478","14.808445058168024","15.450889745956353","16.733841338957681","17.46499507184112","13.648742780725087","11.654655140493993","12.281255929851911",13.7834777561048,12.3086610992698,11.9122958239423,10.1146246794721,11.5839796461598,12.326249872465,13.6901480512049,15.0315465950023,15.5913609442311,18.2055289272031,"18.292911247824762","19.32399125472838","16.634931335534333","18.063973697319145"
"Estonia",0.255273876699118,"..","..","..","19.977301804064194","16.540236630158493","19.039567691241466","20.377186767842311","19.054475348451422","21.725737721514282","21.17784707240186","23.770956406774506","23.144733187973735","21.949313855013109","21.92319267226333","22.241947458678936","24.250037420542544","24.58844546574937","24.348497801395926","23.43544533239605","23.749566767919671",23.3553362858611,26.3947830998057,26.2546765452171,25.7590817333901,25.8474582593589,24.5651407354592,23.9188833040872,26.1880439815039,26.4323994483888,26.5580733060463,"25.664348521833357","27.249164459132523","24.568991873419886","23.381514836491021"
"Fiji",0.149431719822561,"5.8462374469784928","9.3043976642982127","7.4470997283156075","7.9168721506442008","7.7044555011035882","10.008174205200767","20.892658677021959","21.118030885471896","28.45594489827355","24.206140373875883","22.513960866807253","17.269887174352895","27.48774171730264","24.344326683254842","15.567251395931061","16.681676529745726","2.6900716298167775","6.0855379207897737","8.427305122846759","14.557643571611544",14.0863141573111,15.7978187636014,15.830080920172,17.9586422561058,15.093199965172,18.9408181231233,17.5569966883914,14.7584673464378,12.591840361397,6.81754124084954,"3.04882636430373","5.8032338252618771","0.92399268337509333",".."
"Finland",0.228279034820506,"26.678236580380322","19.394295883219023","16.977044775535035","17.697214352185579","20.672709268398084","23.805617372648658","23.318883415843935","26.441569377230472","27.680292774782906","29.180969489156457","31.286016047936329","31.976654521162335","30.941614008779929","28.045659369192688","29.608798367801914","28.619682782707184","28.66564747319449","29.949201601365044","28.235298898107374","23.783488466210954",24.0757630835934,23.1093864635676,21.6813273120409,20.701370754821,21.0572489555873,21.4071498799561,22.1883695851758,24.2432706785955,24.7335370452384,25.0816110619298,"26.336300171602112","25.83890076297843","25.612307742242919","22.091441345498051"
"France",0.215286266774045,"24.424088499661568","23.944909377699194","23.3295128169065","21.857422247933254","21.904949153571778","22.2644640287678","22.139780841418595","22.926997117165236","24.056462859788869","24.634668616919051","23.953765449419276","24.218178771814785","23.074282040045748","22.464752217965277","22.805725520121612","22.560372485617709","23.09065810805722","23.612064424023945","23.275046582686912","20.740908035177092",20.794804921561,21.6296114264942,21.0318540578025,20.8530625233337,20.8135742656414,21.5291766759439,21.3638866150615,22.099186232095,22.293646251093,22.8774638050187,"19.528364195417385","22.282265476555366","20.641032328032878","20.587250152724096"
"Gabon",0.416467625750867,"24.252128840791944","28.780449538944936","19.325823542118908","17.464502653679919","29.140432314448844","32.682488388648437","35.559731337890092","41.447285398094614","25.245624309144816","32.311477101111009","41.657100929297854","33.84013864031197","34.747382453994831","32.728431991395567","32.121605685703962","44.628054821847172","..","40.061535309824","44.391399986064293","34.477580645906073",41.1585722703983,43.7611797512154,43.8902969800746,40.3059123459128,42.3866173701812,38.3779967327377,NA,NA,NA,NA,"..","..","..",".."
"Gambia, The",0.129771331536045,"21.853656919655055","8.75105510571943","11.703743206586301","-0.15817787240445083","-2.3392145718540114","9.4531000577546624","-3.3115796584465134","7.5389101360695179","..","..","..","..","..","9.7933719009995066","6.0499692438731936","3.5817991915522049","11.746923496707277","9.2517595468251148","0.32128201443729582","5.3078486389779043",-0.353209991380803,6.28663672715035,15.7218659310808,5.58775467653721,11.4097483164872,18.8923575374895,19.9129072007007,18.6834283323969,15.6762381139238,17.9536046916595,"26.889008981651479","24.0191249551621","21.491184332132356","28.537874804199397"
"Germany",0.256898817724285,"24.479120893293434","24.087917462140666","23.67551258091126","22.5812922583573","22.72762218587458","23.14266551126552","22.616116028568403","22.769092801640372","23.138367093608238","21.735793836459397","21.468162099849305","21.548501005376313","20.970042286467518","19.79375332305381","22.204135501717865","21.762668467876743","24.016177015121833","25.7803835275977","24.786232062896531","21.820911083606958",23.2537333198972,25.5380185703092,24.6551122224942,24.5039745675432,25.338353267041,25.9269192971715,26.319556289065,26.4870288002618,27.4042565392873,27.4718648512144,"26.9435819794531","28.189212453546858","25.678391341574731","26.587697605682454"
"Ghana",0.140634264751144,"10.533404206912673","11.862601723810508","6.9325444409757839","12.836353012577154","19.077268472622482","17.625605325283487","18.095309859154931","10.410867657687023","18.031633175300644","9.3631922710619158","15.265862335030981","21.09272209993512","18.754322731365889","21.156288220358324","22.871691477471369","19.207310517402696","17.411536288962417","6.7437820573154488","4.3409738696277413","11.03620335548306",4.87086082915232,3.8817620783489,5.26751918545763,15.194813255799,18.232905467115,21.1030520908018,18.6351970656158,15.8596322936306,19.9978831721275,17.5906393130953,"21.075519199410365","15.594465710609532","17.829821099390919","14.07304576495439"
"Greece",0.0952683371151509,"23.600485725467554","26.14279492660997","24.977818099976108","24.079006899461334","24.776874349239353","23.377653170795245","23.117165304763834","23.989240672575004","..","19.669140770352524","22.134426214285536","21.336442584128324","19.572262363457526","20.630430066662942","19.834641006403373","17.858477069194876","18.103023845553686","15.189878026726145","12.844949673712607","8.7055048935287722",7.96710718893519,4.7996451977027,9.46817684096009,11.8148105352747,11.8755919743115,11.3115181573327,10.3726731013034,9.4606525120089,9.13331870877316,9.0648428985485,"4.5972499106817537","8.22525102064795","8.5750334121387652","10.586633774048574"
"Guatemala",0.132226734566968,"10.197287556451336","12.348292284466551","11.48472103629242","11.020779797988911","10.804232741291322","11.149828140930742","9.7807471406666728","10.113379489668731","12.004280060912157","11.789601814572398","12.479221741569891","9.97522184960353","13.720080445351297","14.337354117768875","15.667990279835161","13.80210676348932","14.358038997166345","14.45507454574901","11.604735700784683","12.799141466310141",11.6471590114794,11.1288429000036,11.5585432623844,11.5997046198082,11.7710154603015,13.5751922075465,14.8239445642748,14.7843429555029,14.6662991562332,16.6716904294331,"18.525889813122653","18.950448279280504","17.817490298714482","19.49625847738179"
"Haiti",0.150587887398749,"2.9678100544722912","11.407536158654645","11.065458953420951","-4.5566226672998882","-0.96854474357770859","26.434058686437854","26.915983255429072","23.182984381365031","25.7888310752893","26.572812759263005","6.9034364539998254","6.2128164296757253","9.049277648577668","15.818207947061879","10.583429087452318","9.9150133601187775","13.239462805258048","8.29424804605831","10.6538018084597","11.55345881175154",24.1299714037935,18.4843891975423,14.2317338119252,13.7405924666739,11.6072184124707,12.3606104544892,12.4941604150401,15.7862506949783,12.0313771202585,15.721583421577,"17.721857955799269","13.402198874312013","11.602073188557576","11.371859063840652"
"Honduras",0.182147508325169,"13.735129018947859","13.819833903363213","12.616999997785133","20.055045689977003","23.762892640732968","21.923034644032665","20.436158792048381","23.525166206449935","23.9126823524933","26.690822017558034","20.222381797016432","18.788447507204655","18.693798649187226","18.809069971091162","20.184169059843946","23.884600403028895","25.080643173071966","23.986792130470622","21.454802676501885","18.859223710765029",17.5472186844683,18.6987087346658,16.009021356632,12.6974100262328,14.711596300724,19.6753323793373,20.4257952331849,23.1528853592307,19.5805017451609,19.6490385055329,"21.939663016955858","18.274013386967543","19.049944319985737","18.9815432229671"
"Hungary",0.242253204599585,"..","19.231288630406869","15.978770450786664","11.878287075074862","15.696837859191056","19.334844021534476","20.7515942299167","21.503297900887613","21.34541094498293","18.709648019869274","19.2514346029452","19.773595558484523","18.543711441491489","15.785716872018815","16.696465489355536","16.573849532998413","18.081168412212183","16.764685743172222","17.773422436858898","19.794322204664",20.785447344996,21.0032800814391,21.1328684515223,24.5552400294921,24.6238784599079,25.3919920522116,25.7731969872369,24.7224594658578,26.7926898935142,27.4721518334074,"26.265179264648626","26.564326313034687","25.732125446895427","25.777702836241108"
"Iceland",0.208208622115949,"18.1945742307772","17.377068594218617","17.070183408969282","18.920210909614433","19.225178330013204","18.37873398894596","18.301176780467639","19.421552460946131","18.664867096734618","16.453801081282403","14.731949524840237","18.652333815169328","21.034174719091091","16.403634363740085","14.796687893456371","13.1628771887565","13.361340413398089","16.001300194821503","5.24089700992898","6.4094178621197608",7.81191402524283,10.8568099377554,12.4366560371093,21.7220938066273,21.6274921779906,25.0245714197631,29.1793695722693,25.960147315913,26.3725064578899,27.2170613653884,"22.416503873210271","20.337243897479475","22.298015533092769","26.013896350647226"
"India",0.331469428523856,"21.213563235421848","21.759966096649659","23.246801620774754","24.08307927744228","25.951006545918442","26.967391093044469","27.047935038252984","27.550434015696045","25.889504645605648","25.637532905490307","26.119023733575318","26.259884499210052","28.111478344243668","30.470958255312897","33.33255465769993","34.418015287232443","36.360532111276292","37.011389004150445","36.25408263326041","35.617434813209506",36.3058750410672,35.1317930938104,35.261292320436,34.3046574869553,33.4660257489805,32.4539241111902,31.7264147403683,31.7067531706123,31.4104922311412,29.7022005792949,"28.679682113157178","29.866133064956298","29.889983552902912","30.663075795420113"
"Indonesia",0.313231266462441,"22.453641772306558","22.073000513431072","23.30042165654358","28.998147454634331","29.871695323396462","28.138461864681425","27.80807992594373","29.030941232456868","22.422492329421534","13.201804408333814","26.286899208031489","27.199793928040812","23.017407782340378","20.684050355951669","20.764289947351291","24.338486631846173","25.777143587366076","25.179123444794708","28.45241261442014","29.056376798466061",32.7274229888576,33.2200730493189,31.9853697689071,31.121766640017,30.6689094593454,30.1233564897256,29.9227683259261,30.8783634343345,31.6805227941181,30.9027135118902,"29.224608728862815","32.937295584375214","36.962847634837225","35.947895696102215"
"Iraq",0.359047940684665,"..","..","..","..","..","..","..","..","..","..","..","..","..","..","..","49.97373459158981","47.823508409060238","43.967668931627927","52.508082480822026","27.672641224810668",35.9782538645069,42.7477895010165,41.7114281133886,41.3854840727879,37.9756367322003,25.0715386708133,24.44446134661,32.1021305733353,40.2810702308682,37.3501475791378,"24.031472052904025","40.514072013026961","52.56821602556613",".."
"Ireland",0.254138359607902,"..","..","..","..","..","..","..","..","..","..","..","..","..","..","..","27.047170441253215","27.392501063640584","23.9509103481875","18.847383038062212","15.446612653861566",17.0735044968092,15.41123705741,15.5857821384071,20.1653027567764,23.3369626369751,29.2717165349419,32.7467252073765,33.3529471286607,32.8816063790672,34.3125752714778,"35.963710967628813","35.893443418720636","33.652605639833531","34.801702427734135"
"Israel",0.26058998250353,"23.857393925214083","26.876795441785312","27.40976401201911","25.857420339328662","24.573720804306483","24.167957230401392","24.609176432803327","25.148446493066643","25.460379619609292","25.031877851674611","24.143462288098636","23.8946124582432","23.087589968879509","23.416171839136929","24.386135892492092","26.634635807193352","27.930702955662628","27.163955234622055","24.257108402659171","24.371304242274793",24.7789717013674,25.0357381161066,24.1356444075418,25.0497276041276,26.8682191949439,27.2756033942097,26.8374380944067,26.6490274586368,26.8704159759366,27.0891965562532,"28.950860933011217","29.166776872169169","30.832014241157136","30.416232101332685"
"Italy",0.187487351744497,"21.416213807504906","20.572140335341231","19.577356122135186","20.296687772397558","20.389421597605896","22.402393212942407","22.660021109523527","22.676360456117582","21.913994575392483","21.297231136688737","20.789917715346444","21.115568458406074","21.161075047583612","20.46743253476328","20.811627926541274","20.276611218784254","20.4374595802611","20.831195889764832","18.971645371806371","17.462477688907025",17.1583795539879,17.4268134060186,17.2475756452946,17.5153446722203,18.317559688754,18.0482671960303,19.6614400944186,20.1737884568967,20.8526360098705,21.0855470210056,"21.173210863287913","23.155627212573446","21.222216191923938","21.0841047614117"
"Jamaica",0.165094532215584,"19.041961513629044","18.405851814324588","26.074815810518189","34.1525499845272","25.923056759976276","23.751917567532491","23.724574094688442","21.851501579225214","18.632179953420597","18.647047758702183","16.759702848698879","17.36108318180851","15.970102933727196","17.873967048061559","20.725958973469094","15.025248651222324","17.436268706757208","15.552473032591399","6.1958105446300253","12.952563295720937",13.4191875315578,8.58387155399299,11.0056830105658,11.9410944778298,14.1790661748834,18.2314822440143,21.2066748507656,21.5607160891248,22.2604980013429,22.7062582815069,"..","..","..",".."
"Japan",0.272371230314989,"..","..","..","..","..","..","33.427340662550591","33.210080234917129","32.354470968369441","30.651830649459207","31.030854227400319","29.722942026635845","28.504410929851719","28.715876806283081","29.315884376402725","29.514876978896659","29.815932177796476","30.343379938352932","28.642107407024241","25.3311155031213",26.3773227234459,25.5805714085266,24.895748835138,25.2525231315864,25.7720886257814,28.1789158205035,28.7272232413719,29.2896671713554,29.1254674586362,29.1717018986434,"28.167667151929781","29.550450386397298","28.447016934002718","29.858515030623657"
"Jordan",0.184328758135318,"20.970410383442832","14.484701635198041","16.923915292700087","24.627837228544646","26.250665558103186","29.15300663411513","27.327143904226759","26.129752983084497","22.232669613889993","24.794858349341485","22.686582092786768","20.77720905263353","25.247281606787229","32.595072419660518","27.723739015437094","16.112082100923196","16.883676489873903","12.83787177497504","26.984591876417618","27.466546113361268",28.1043380169043,21.7346350022304,16.1346921918009,16.4354724002232,18.7329536225928,16.0038598254824,14.610765362518,14.4989896499692,17.8581351064907,20.2149169571057,"16.163754261090062","17.689352661715855","..",".."
"Kazakhstan",0.284017611630721,"..","..","..","..","..","14.910917520385727","19.052675091310281","16.060322687809204","15.153650686072833","13.707790329058952","21.171172327483362","24.809925484288804","30.255850999196866","28.520741268909404","27.41625026698124","28.454821003827035","31.064075303853034","29.390377691789315","30.08561309499283","29.412965284679593",30.3892740862108,32.7917129115801,29.7548257390935,28.9878251857334,30.1412778885092,27.643392058977,23.9011960222432,25.9340922663471,27.7913301525253,26.6826853195017,"26.230444548949855","24.495739421894207","28.283475351267128","27.250149460768373"
"Kenya",0.0938062365559903,"18.991729889095481","19.372186723586218","15.124583202425136","37.156474379098462","33.7985047656519","23.817877356709261","16.480750159988343","16.270743314766548","16.258584132122866","18.486466853887908","12.880528148104309","9.77664612450452","8.5330972244512324","9.4747419519871752","11.961343466177718","13.872696281728089","16.061241399524373","16.66189723839544","15.404856584241541","6.62268197274372",7.11665680427359,6.53205851265224,6.49889129010676,5.01426839331008,6.06795791645728,6.80449872514189,13.9553980025319,13.2768660562061,14.4681608692238,14.0714799860866,"15.330903163802439","16.540556209160272","16.260161768105132","15.859570367079776"
"Korea, Rep.",0.354999241334188,"39.026192440652544","39.03767404634835","38.133504278952863","38.197922180776587","37.896597969123754","37.682640300536306","35.965810904207366","35.91391945615679","37.723447121906247","35.375721389430772","33.893581402048447","31.937637184407315","31.454400861146215","32.981863271075341","35.462260619603384","33.765623625266045","32.890553463484288","33.453472607513788","33.321905140018359","33.281454755503333",35.0445074417939,34.6713166765582,34.6637869433941,34.8490893947678,34.9870815269972,36.3486646845238,36.7852255424954,37.0140639473395,35.8551228493758,34.7803823269428,"36.2287463601759","36.75142807388189","34.448503601002777","33.771294535422641"
"Kuwait",0.43858104448724,"19.683684109441561","-236.24226161145313","22.899881642038984","31.193580581791664","31.41336093527703","37.71059035669073","39.922148980707256","42.617873412023755","26.98791324771533","31.360887837676881","49.566555620928412","38.158872027947844","28.284732864539876","36.306345046311705","48.73520697391632","58.863994710340272","66.884408716280291","57.248483958066977","58.501819593808278","42.92629659118802",51.5192637051542,57.3967706647586,56.9406195806462,55.1082243164774,50.1698575949629,30.9180589008105,25.4525115616644,35.4919627950003,39.8958635824722,35.6879117852937,"22.956333947943474","39.693754975866909","51.19487059609348",".."
"Kyrgyz Republic",0.181479981389167,"..","..","..","7.0601573500289465","4.4449904051850373","7.8131334561693633","1.815585660682157","13.945906154984245","-7.9492900661031758","2.751078054288965","14.66597130510474","17.170072779632484","16.893054193224852","10.055458769481767","15.406236869891407","14.699997455641434","10.92974694190057","20.867093382642974","14.635852116032641","25.15696309657509",19.9333661406826,17.4056258531103,12.7408456529322,9.11687113446752,11.5268515908218,12.1732222555148,22.4550169419783,26.6696732834832,26.5794145632991,22.8790939728767,"29.25972220386338","18.36794518522019","9.7540850310357889",".."
"Lao PDR",0.11317289368195,"..","..","..","..","..","..","..","..","..","..","8.5294610855397419","1.3967128371382898","18.367605843902705","10.564720185808518","14.722405391226062","20.244893262479181","22.566045643693116","19.139074970300289","14.031316972444186","16.621048008958081",9.67471725208214,18.4030781501972,6.86800094502208,5.71723106857919,10.1718371634744,10.7473654724725,17.6387955255376,NA,NA,NA,"..","..","..",".."
"Latvia",0.269591682695632,"..","..","..","..","..","16.426387670261686","15.560387997608519","16.838354339093538","18.89662336570726","15.631093042892049","21.223969294744112","21.52300976049963","24.029728794163734","26.42012282913208","25.841395200633","28.466163886861363","25.578275294065712","27.602849022551933","29.329468889349886","34.050034818700006",24.8252788794335,26.7370440152203,28.7485735118028,26.3088090168456,26.8641338229957,27.549431332891,27.0907969609544,27.9567992352716,27.0384171337331,26.4723987864844,"28.160895314479973","24.906619679946047","26.555058712258045","25.918225703116232"
"Lesotho",0.184426688375399,"..","..","..","..","..","..","..","..","..","..","..","..","..","..","..","..","..","42.90948608940959","43.798084391472919","30.065022840108085",20.1904388290775,13.4483774783075,17.7895504253092,22.3095363884306,25.2743766817595,24.4992062335256,17.4664802803683,7.41087742863217,16.6238193747847,19.4140252552043,"20.495389581311379","20.437992211277564","16.36710314794944","19.887213813443267"
"Lithuania",0.209776634675905,"..","..","..","..","..","12.361568617890798","11.666181584914392","14.213537801074249","12.20362604440542","9.8711673780716538","13.050800169278723","14.474601491598339","15.777870984037126","15.386466644737204","15.155337342585945","16.983855561901542","16.487590850004953","17.064700020997556","14.968873548637971","14.760762720047122",19.3990020435259,19.4874659514225,19.1971471380994,22.5964106614143,24.3510346146733,19.7479680787131,19.3968731058602,21.4423969590617,21.7618993017917,22.3964368213433,"22.770728702083083","22.478280577404647","22.267726632340242","22.288491708805903"
"Luxembourg",0.205981373227237,"..","..","..","..","..","..","..","..","..","33.251094492917922","31.737206518745449","30.461156006355694","27.385740558444926","23.88579031921806","33.147885519918106","36.08228263826031","28.904589242377931","36.854455317895315","29.879192301620332","11.804585363974123",17.9354189137134,18.6049912530054,25.4477022634708,22.3916692698291,24.1254789746543,17.8075268597976,19.5662725062555,21.6667389720953,20.4314301304946,18.0041440839209,"21.4567364342274","19.937854286479322","18.258279745493059","13.497232923769989"
"Malaysia",0.293044640373742,"30.382680696332748","29.278262014620655","31.696475031447786","34.713172352114476","35.091416129264665","33.893255168761172","37.040723480078377","37.02054492127013","39.849158995266912","38.305980768975004","35.917379580865379","32.251779033918638","32.7350846657081","34.852651461784426","35.137496624814361","36.815754950786236","38.796474514843261","38.766842577551294","38.517708011942808","33.363441626768321",33.4664682988521,34.0818029856008,30.9153494882722,29.4198401146816,29.3665669513565,28.3991476426936,28.3850019206649,28.3359876066459,26.1283247399226,24.546150625052,"23.821061481929419","26.009961375922963","26.806365529206232","24.009901488635244"
"Maldives",0.212167099282059,"..","..","..","..","..","..","..","..","..","..","..","..","..","..","..","..","..","..","..","..",NA,NA,NA,NA,26.5419363086771,24.630853561483,16.3514762018308,21.4951168997795,21.1498345326487,17.1310420648162,"-0.2874360661952331","16.578491527951495","16.66044047690227","11.623065053244549"
"Mali",0.152693989616369,"12.229360090093094","9.8169030377730433","11.26929646036746","8.2306978230771559","13.671332676838876","10.498762069128576","9.8490506617198434","14.265818983266513","14.318016600431452","10.374795559395221","9.9711809166019822","12.039759675937034","11.678611109859942","14.73397912500336","13.878500105646237","13.06916288221545","18.054862235575225","16.770024933887136","12.871827227679944","15.20865375924852",12.8217266672964,14.2979076070414,16.4647848789886,16.4929151831163,15.4492178503126,15.4366154238031,16.7236800026371,14.3736251365364,15.5588805782196,15.0746362884175,"15.162210395728026","13.830971856168366","11.376654456091261",".."
"Malta",0.236013413784653,"30.7573456298741","31.056616378817548","28.606016665542615","26.638853533882628","25.911884974690285","23.847414814723031","19.374147893694531","21.539903583325607","19.703954387418662","21.353439592274412","16.221626066579926","18.085065779372361","21.111165922007409","19.037908947749045","17.460891844150037","14.052611958658796","12.946576863869019","16.364453004849722","17.683371068958351","14.51534434732833",18.1165285857854,17.6795671448988,18.5779696243281,19.295854445634,23.2958392916644,25.8985445904338,22.5127775602694,33.321598442291,29.7145157754997,27.6002183238485,"26.409838969009975","27.524412431820583","23.127602847952655","23.873537900713675"
"Mauritania",0.302704865387877,"6.5877212686481013","17.199601963988439","14.913435045594294","7.5296135517332052","43.163744564975318","16.469739608551031","18.547648928207259","10.824492498503821","17.787811687205512","..","..","..","..","..","..","..","..","..","..","..",NA,NA,36.6870078203028,35.4889621749417,22.8567019181591,21.467103927581,27.9758773940378,30.3663762161022,32.7053227623164,34.6165400968607,"37.5524331362797","34.944021387765837","29.37447860873641","30.386381170376048"
"Mauritius",0.141713490578454,"26.806981102152772","28.544268653095529","30.00334657451333","28.67826298081107","26.240874680224895","26.187110740539598","26.605580417772046","28.096612866853022","27.562580369279583","26.611351507941311","27.840669332735136","29.631479611551349","28.570287463113349","26.946657356230325","24.126841696309924","19.371483692471109","21.936075897046837","26.4488046747888","20.238949524863578","16.192042714216477",14.8230793551013,12.297437904376,17.1651084444529,14.4242710015503,12.9463815116366,13.9077864581625,13.0452387455882,14.0223178993557,15.0680060968394,14.0138631613908,"8.0751450064751964","6.1898750423299527","10.383535314731425","18.233501708078258"
"Mexico",0.192565648714649,"19.822234359387352","18.215831968223775","16.446261903725077","18.849578442322883","19.188156354148518","20.694126152437732","21.304888906736704","21.827470252593308","22.567387450687807","22.5053913556409","20.86001483336053","20.804545226227187","20.560378787595145","19.782320844940752","21.4684386553467","19.665140538393793","21.895067733307375","21.588238811402892","20.405125290238328","20.357425845813548",19.1230801333663,19.2529097567633,19.1609504993073,16.3644568027638,16.8470848723247,18.5155491623807,19.384966743581,20.6161724332749,21.4950580551557,21.8054202557317,"22.195671163078849","21.679109623386445","19.826087424033378","19.643219725176174"
"Moldova",0.169351300830269,"..","..","..","..","..","19.248224183162378","13.465978212164265","8.712515174708912","4.6782297040170411","20.29565291845493","18.300032897287167","21.964985617166409","21.266646030490172","16.867637452478366","24.044357988886116","22.902932573302877","21.776608166465568","23.865671766049037","23.325148131337212","14.055167334402849",17.0056109414481,13.9656168611562,16.7550567583434,19.7223712050613,17.5542339090658,18.3130741672835,18.3831145954636,16.2401792082503,15.8780206468653,15.5340225373313,"16.119614733466211","14.425944131540833","10.022466065743883","9.2619239244953668"
"Mongolia",0.227592434499455,"23.384450692370713","25.482098783947333","36.49696871021743","41.80193837610522","40.562270614229874","38.793438344130152","33.032632858656882","37.163973725802414","30.866900481529335","33.4377596402418","17.423610400329149","17.91789010489002","16.282913045996068","25.038073118947125","33.657794660217235","39.557573643807878","45.957424720229653","41.031679970481896","29.961488725963886","27.2284559140489",26.6304483551374,30.403588523709,27.698275104461,26.280052017443,23.4455755232138,16.4005594093878,16.9760932381035,17.3583211890655,22.1408944808472,20.2586266580868,"16.30696649764052","20.292334368325847","24.630550961881934","33.460500450124833"
"Morocco",0.297752233560217,"30.439600126252813","26.159924512269907","26.571245139087594","24.881158140427026","23.762980428434187","21.845220710525588","24.586807682403066","24.761798691576168","34.830443302766426","32.967277095319929","32.427286383074836","38.572845830445445","37.964113640404889","39.228053682904552","39.356780875557092","38.77852008342964","39.923878266754393","39.938210742557196","40.190307448022637","35.510720963081091",35.0441029952415,33.7600402979309,31.3128638814765,32.6458212426442,25.3178069034488,28.2585975133406,28.2698940113082,28.5919840470326,27.3205630602232,27.2305596075706,"27.69585194182519","28.365394227686259","26.739320023241515","28.238937696199283"
"Mozambique",0.118026561275624,"..","..","..","..","..","..","..","..","..","..","..","..","..","..","..","9.5819091287110947","11.258175512508137","12.969976938016007","13.699459662056077","11.748464101247343",12.1961972359941,12.8807098388736,10.4626400462538,10.9189543642978,9.3744607594269,11.725184295306,6.75941411480329,10.4898761087841,13.5855800966979,19.6335444151865,"13.554313129996881","12.528213307743147","5.6853705988274541","2.2630461121561138"
"Namibia",0.150779523344947,"37.816984260729143","26.69069971250951","28.877412815848174","25.714487392199185","29.40263039578252","30.493133902259689","27.803931571872393","24.749433238093967","26.611080821925633","23.708459488959996","27.64511467238755","22.327758553746648","26.265176722245648","26.029509662026655","30.285057786428549","30.493101649086096","35.489356173582095","28.260117470776958","26.666057069065257","16.528033116033289",18.5704922099494,14.7680887757789,14.9728695342177,19.1987084003358,22.9385341406322,16.2890690430574,6.0444366894942,13.1209778513124,11.6491168296257,13.2272298705436,"16.776075764119376","3.883287588107931","5.5207184554448947","11.161228925970224"
"Nepal",0.38055747729027,"10.334197587136796","11.716774016860239","15.108862189082076","16.625170707712574","13.992043702325715","21.007793878406154","20.385082663977091","19.110543974084404","20.131929012561965","20.4712350931655","21.730513311966511","18.55022349851161","25.131483622945634","25.126766111272964","27.575834168127333","30.685716633209982","29.504252851020606","31.058869652816433","36.656912120874004","37.248180616287705",37.7504833918806,29.516128463633,34.5553320579844,37.0813175683139,39.5896784320837,40.0882077561847,35.3050678267043,41.8806363999225,42.6031093440008,42.1875160495616,"32.815968366575007","30.911000632795943","31.439952901666008","36.486699714400245"
"Netherlands",0.262915103275662,"25.600564393993146","25.131032136236986","24.46975994002327","24.761470567861508","25.728032332252504","26.738453456405136","27.455242856772845","27.796245388282532","26.120738235775974","27.190903649929222","27.550452813634969","25.532169223750838","23.88157819877755","24.634257106126565","24.936037310165776","25.362313525027112","26.683569998360003","26.903849834080251","24.238943665109911","23.116369937205302",25.71636601681,26.1185668253791,25.3967565706629,25.83835958141,25.427643897338,26.249254195418,26.0179116971583,27.3564062486725,28.0287115870445,26.7651266557681,"24.440906779671131","30.201174155534442","26.503545944972196","29.809178610917108"
"New Zealand",0.194944680195054,"..","..","..","..","..","..","..","..","..","..","19.7746053146032","21.788859991336473","20.853637142055106","21.335722594139668","20.030244145500316","17.691074629735269","17.00809007491852","18.047359502100321","15.717329062717008","18.1834818203154",17.525868116408,17.4684158971675,17.4449607803594,19.6161188294898,19.6242871733857,20.7697350642742,20.5856050426814,20.6649067709778,19.990366556486,21.2544159638243,"20.273966356290497","18.543123880947203","17.668616091383491","17.528440185996423"
"Nicaragua",0.206728126431424,"..","..","..","..","-4.6595044552892526","3.2880713277891278","4.9446832954548849","7.5372131204707635","11.843063196323527","13.663035932213063","10.363145975867981","9.6781006559201312","8.6110703077037272","9.68166146992412","12.98261999694628","14.212944807766458","15.123012162271326","15.170534882177952","16.528751959672451","14.635165218306275",15.8726146429846,19.0200302259654,19.2605111406426,17.9500392754243,20.6313876135256,23.4889985137921,22.5109441413705,22.4178717004522,22.0078660529197,23.5678631243474,"22.810238353338057","18.188031191724928","18.633777610011332","30.220956495371837"
"Niger",0.232804570459865,"6.8818184977826675","8.24625947045125","6.0986747989443311","5.4508832179798583","9.5360050169141459","8.5102078470791209","13.553576241743054","11.535548900129253","13.443612669352339","10.56026833189409","13.448202135310488","15.254855507915774","14.593412747414927","14.00711121298513","12.965343486323027","20.212800378327731","20.665582888153562","18.639940892392044","21.688171160124146","16.470376643512033",24.2885976098678,22.1802291979726,23.3068714795792,24.1926349528744,24.9747108548601,24.1696426825672,21.3042275244687,20.4442735725345,22.9284009679857,25.0149816171551,"13.062631293107843","16.991788691514383","21.862550105629449",".."
"Norway",0.366096316177123,"26.784314048269536","25.47755446673532","24.90797500539415","24.914401454472308","25.832176815109325","27.575653527516327","29.507714800828982","31.199212172399111","28.005026561719713","30.10056811883474","36.632823349330664","36.499960395952549","32.882494621277544","31.745470637861928","34.255949118716707","39.0823031946693","40.56100756142078","39.851251742251684","42.22535067134973","35.8380434816754",36.9544683034263,38.9798959274215,39.472869013281,38.631734645774,39.1361028282189,36.0004721030016,32.9530512382125,33.861084682587,36.6911836237305,33.4154538114694,"32.436268017067384","38.023424891278268","49.372292118666735","43.786631146679866"
"Pakistan",0.137255895260641,"18.029749646120269","21.363955172040168","21.466480517326882","16.126981437923497","19.112776837281377","17.112991243705775","15.60699884525908","16.040840753996676","17.367261955979409","16.70232587627396","16.263070578526495","17.043271611583915","18.678025806599496","18.57228771787474","17.711334479699559","15.50085496593822","15.441855230959897","14.072262705919069","10.966289773973074","13.330941033578309",14.590404710658,15.1260310650053,13.7257179758837,14.2470556909544,14.1812504885706,14.9442647878534,14.2861491357064,12.8974404974047,11.8825867319132,11.3749941766915,"14.54158242210327","13.81568700156574","10.43289822587035","13.04509115708572"
"Panama",0.313575340313096,"15.845371914403664","11.789132943270685","17.100050399525006","19.8578997022904","23.016147348691764","22.347580254251241","26.744498150927548","27.689816247862183","22.414250800646926","20.629698986977186","23.926067085463689","21.2227118720397","20.612248655681203","20.261437240654139","18.177588919100256","18.728886393473324","20.050132045111177","27.831776791233963","29.611523557415083","28.984326000422691",24.7529997302935,29.8947053195579,32.0023240432292,33.0477818862232,30.1533077355867,34.0823986619047,32.2509060600229,34.2585519721019,31.5524705385923,31.5798943655838,"24.663601457480262","28.727934323161293","33.891951818766358","36.126782217746772"
"Paraguay",0.226205113198859,"24.170027777811633","20.236806535773376","18.86927741181638","22.474119648306782","12.789560711962352","19.774188807392861","21.552694385710321","17.45753884951327","21.619519762882202","20.664244516356838","14.778026755791554","17.739391990960129","26.908310709858874","21.002687226635146","20.035909219034263","20.354584846083291","23.140469099910614","25.594768855338383","22.898711874139579","20.942555343629312",23.3439341328581,24.2294713537486,19.8102498375839,23.4063255099472,21.7862416258242,21.7376572806154,24.359335773536,23.8793124839646,22.5458611014852,21.1067240992953,"21.880765003983186","23.097595217911636","20.722447722010671","20.097120931457894"
"Peru",0.215410115771832,"13.054045869749151","13.957281203546287","13.090892305614036","13.34947559502889","16.765480608723589","16.389276069664131","16.258470423887839","18.256757980132342","17.75142608580845","18.396232533546243","17.319379461168936","16.66479750932513","16.951753375854","16.801108802869898","17.837255694833797","19.742073426791375","23.326656365598449","24.1164184752208","22.751176865831333","20.920441917375154",22.4461433705974,23.7001028548684,22.865850947451,22.4797958962841,21.2114971786903,20.6281952494696,20.3742344796755,20.5906162593756,20.4008717354522,20.7128077999673,"19.880104144597247","20.180648358139582","18.316176488866855","19.312568774828552"
"Philippines",0.357201736598566,"22.439732436882675","20.994025916504349","20.710067427688323","20.351273437458403","22.42090706199026","21.935132515576612","22.406747144850907","23.9122337867866","29.619158047974476","35.967801081710796","33.391674129253261","34.623683340169862","35.26884428528043","35.6099556982049","36.229230916293808","37.771455095584585","37.228201627585548","36.754422362674873","36.022274740874835","37.948691712027795",39.7514910850438,36.8750710841823,35.1328493463841,36.3544017124675,37.3474479750104,35.6348333724537,35.0547724202676,35.4886316752152,33.807050717959,31.7551872095826,"24.818173360639918","20.202918833169281","22.4737175447068","27.294343902353862"
"Poland",0.181901382607478,"..","..","..","..","..","22.256455669912611","21.281596750682709","20.902337499213296","21.71773572826244","20.417832926316038","18.540225671139822","17.225024875685243","15.201205962860229","16.180100405764229","14.493767875229773","16.790698463393984","17.336853247560267","18.791175621936556","18.109596994619579","16.902236426575481",15.698109013977,17.2750228642495,16.6821027877468,17.1350208464813,17.9226914764192,19.5009217690007,19.038531067119,18.7418167207165,19.4710628742885,20.436103187479,"21.225588928382908","20.465253353536024","19.385598275476031","19.17847804421805"
"Portugal",0.156589804126259,"28.00318686767762","25.239750342777977","25.29432664618037","22.768146972822866","21.655323638357928","24.634302879129233","21.490152643696931","21.627857263511167","22.156802147133337","20.294427791567351","17.945899360849971","18.12189279830249","17.363764807092359","16.413428828860503","15.531097102641461","13.693737976772297","12.782193783984658","13.432538076845679","11.42500298560166","11.018898652646779",10.5642284895437,13.2757038263773,13.7011768723339,15.5617036313554,14.9170413752756,15.9057175368867,16.6202907736944,18.5323248385696,18.8139443410652,18.6976724411575,"17.883263192718506","19.635959904268603","19.11546633232966","20.841697455941194"
"Qatar",0.517614548373754,"..","..","..","..","..","..","..","..","..","..","..","..","..","..","..","..","..","..","..","..",NA,60.09937758821,60.3291670625832,58.2519506813818,55.7493338931881,45.5689865136033,43.3616074680688,46.5999304258459,49.7420369629553,46.1507029405423,"41.781697553061171","51.445158871221764","57.44695086496705",".."
"Romania",0.220809439520943,"20.706560205152115","24.919416488951406","22.898112519073841","24.218367621956695","23.256858515362854","18.627020629122541","15.999911307814571","15.209445162960144","11.187958922062165","11.513666018459395","16.005476382134479","17.310205940980346","18.821390771089796","16.32253009989704","15.809860107328385","14.21925559582089","16.991374042843567","17.7991499854042","21.811450898338091","22.531817697074164",21.8174197896276,22.822190264371,21.8351218903196,24.3127590158688,24.961916038209,24.6877989148428,22.0594296612306,20.872226279828,18.1601797244955,19.2803979421502,"19.181647134186711","19.073717878523578","17.555386243847952","18.851296300240637"
"Russian Federation",0.26361508196353,"..","..","..","..","29.576019747851","28.022708872617368","27.11592260421488","21.945356804697859","19.323508143562783","28.24599054555414","36.1542075558736","32.512918640968749","28.774776224551037","28.266238558418461","30.260439743493894","30.546576821905465","30.660876496889227","31.266854689758162","30.063881910679015","20.876204365361577",26.283714313898,28.7575643096851,27.2441713507904,24.2820958381877,24.5121808211262,26.366709537342,25.0134122865718,25.6686851355845,28.9492684952112,26.5372798751328,"25.768498151527773","30.338606880672163","31.807886826173121","29.932879171549725"
"Rwanda",0.134428305570957,"..","..","..","..","..","..","..","..","..","..","..","..","..","..","..","..","..","..","..","..",13.3842236866706,17.2601082911955,13.6676821943876,16.5129025335266,11.787750845231,9.88019635547301,10.5421613968227,14.3618311977616,12.0722622649262,14.9591868049624,"10.972754091563209","16.160198818201703","14.817608120808956","12.526742449093708"
"Saudi Arabia",0.384778142971815,"18.152903921457352","11.737248978141105","19.560588813529804","16.487800280474886","15.929397441215807","20.229866373582723","23.677481146634669","24.477513914497553","17.766547724597025","26.113442572130115","30.040482297964928","26.782380857214044","28.473043028204469","33.870482244071574","41.659618894693594","47.958064299532573","48.505521217740672","48.927719386029786","52.752274919737864","36.598600195013795",45.0145433584901,51.9250111138261,50.4559599804021,45.8670740242632,39.9038936061712,26.3606702432838,27.2614165085085,30.4253475158789,34.6792683398894,32.8849582811012,"24.21222801311675","30.277664808790718","40.095360986764518","32.466650105795935"
"Senegal",0.192673140812019,"2.5716747678637337","3.0169264338900561","3.7482174688617946","1.4922602773619236","5.8159364648292726","8.4912589193383976","7.9803454666696405","10.761934567763015","11.13823155819901","11.540253068304434","11.277395039459298","14.670522012262904","13.032173271388148","14.528749152922735","13.564609663576583","15.318463685687004","13.40037883119696","15.154317620950236","14.907729851918216","14.983634066867207",16.2825941319446,14.3826451635486,15.8455314188182,16.2884994096115,18.9504539086218,20.1424835733408,21.154966110267,22.5433963823764,23.0596652965842,24.0229054169057,"25.489253816513997","26.002598301646106","..",".."
"Serbia",0.147508913284285,"..","..","..","..","..","..","..","..","..","..","..","..","..","..","..","..","..","10.492406544103606","9.133960171991653","14.779679204553716",13.7829139764781,10.438766713239,10.836214786639,13.8404380680251,13.2360066569867,16.2663493298318,16.3710741296934,15.7027825940708,18.7537576105085,18.2806094188124,"20.464461902485091","21.478940532663213","20.457929384827704","22.582815734883482"
"Sierra Leone",0.327111240353933,"4.0091455868370591","6.674162224960603","-2.8534325121806878","-0.049346667964918059","5.1944306466563424","-3.3222931391722872","1.9705972583275528","-3.3850176575125621","2.4953796487676905","0.72224651073441226","-9.4920289375725453","35.455670255054315","38.158192200512744","37.440254978247779","31.785581357446528","35.376234405591674","35.968942812370827","30.036917719082851","31.144342777888184","35.4444086678146",49.0868707338903,43.0381692591849,45.3151231215429,28.1852659437652,47.2544379101081,36.4944382107763,35.9603396083729,34.7038567072392,3.19131338000938,3.88142547904382,"10.550139126229421","8.5836995913218423","12.67988999202786","13.449012480628081"
"Singapore",0.457132581275694,"43.734682012254069","44.974234807006148","46.993176937451686","44.368999664709605","48.09373882566635","50.594191219419706","48.876762692708212","52.300483379543252","51.349608651382518","48.912257726438789","46.374863981681457","40.081772000628256","38.428020889159633","39.398793615194","40.61435064574016","43.626641510369957","48.168520736073177","49.970919838468966","44.358468880677734","43.863106021342283",50.5915809058007,48.8092109004309,47.2531022096686,45.5156971062719,47.2950477994746,44.0462153091754,44.885009882465,46.1166627708473,41.7155301026831,40.9045242888766,"40.971327601179745","44.013792715001273","41.753333047799181","40.867187719309889"
"Slovak Republic",0.227427524984907,"..","..","..","14.649180657764463","21.035554526030893","23.060263783068109","22.08427974961949","25.511903397752345","25.116663632308413","25.376787717430293","25.590168708292644","24.965136022748805","24.9440832246797","22.385342621995029","22.425458517974526","24.569224299206084","23.536015912629132","25.616348941584032","24.477508975123691","18.888473319310879",21.5932763260611,22.2866614996316,23.1485212336811,24.9401946774331,24.7317753128353,24.4594923098883,22.4244743751538,21.4929969599596,21.9591749710341,20.3909573192289,"18.786569188758342","16.741890797019462","14.53041847725021","17.739270144919956"
"Slovenia",0.250225334521493,"..","..","24.065116147345709","20.512279608118195","24.819819300441953","23.89040744102638","24.608887647545888","25.700761171562466","26.292557095178449","25.70610551928419","26.331954225728062","27.381153796114965","27.251025131237856","26.4798254437351","26.66329590212656","27.492407008768087","29.264187513219632","29.351350998935505","28.133121424308744","24.097463745010643",23.1807228794098,22.6975450295254,21.5556030166222,23.3680645218632,25.8538526501239,24.4653175890752,24.9714873327755,27.661855493564,28.6324986694672,27.8383873390663,"28.168225649949413","25.867336482102843","23.305859324686","26.444738213121287"
"South Africa",0.143528319162132,"14.53396526090842","14.919015349846413","14.765270875913449","15.818170849511221","15.371343978796915","16.722924375095165","15.667634046853438","14.872100567822677","14.770726942676196","14.413492540398263","15.107131138490349","14.759870986180029","17.946274668955308","18.38560219361311","16.981241346682172","17.698097525412088","18.106624401937804","17.007036591815396","16.323646336866172","17.377436226823413",17.14240591184,16.1020568568902,13.4973772040141,13.8378436838246,13.6817734164401,14.288975935155,14.2879183908629,14.2437080838383,13.2302365262806,13.2160231529866,"14.308183610383853","16.485985871413092","15.092816840264231","14.332791221985675"
"Spain",0.200779283243105,"21.899159493458082","21.29210054871016","19.438270448042044","19.283810338385106","18.798765486589616","21.409003658719389","21.090020745331667","22.164559817468483","22.812743593686694","22.393963194237649","22.415933472007843","22.123705307583453","22.978027900505531","23.604349101431232","22.751501882031175","22.045357002339969","21.601185088350466","20.84896120183156","19.33890478952658","18.947609369649062",18.3252519137565,17.5382093126954,18.1963180283559,18.992030823115,19.2945092180046,20.6424255917729,21.5328960092291,21.8000807808234,21.9958472236967,22.4617143416551,"20.590127970942117","21.675315995963562","21.050201235873089","23.316818089299097"
"Sri Lanka",0.34190675273409,"23.700491462285346","23.612689563434326","24.453690210742774","25.618138578087319","24.379273038111336","20.831570554920898","21.600540088967477","22.202647594540743","22.647244055239561","23.386540046989417","22.099655898192676","22.954101782154019","21.311268790082718","21.656154950320115","22.118897319308356","24.162606175355165","22.686884629445871","23.626605923962916","18.03312531164115","23.9298756150558",NA,NA,NA,NA,NA,32.0435693544498,34.4668126042698,37.2856477970382,35.1237280709855,32.0336185403018,"31.355702385192064","33.00079206342032","27.132413639668169","27.228180938541751"
"Sudan",0.116731249110801,"2.0615580752449869","-0.8699301062582212","3.8173973277207986","3.0692500062726698","5.7788755640352951","3.1372258379913371","0.72686339589658822","7.1069625384220281","8.4941199407971215","6.6145303242698281","18.035602646112292","28.634581827274836","31.297647424682467","31.899310387609781","36.955558701996488","35.270258942980824","32.40623159100253","37.8891755645507","33.740082842684835","23.7556577648633",28.1007017844084,28.7637144631219,9.95650749721456,9.93612987928946,8.99693380375367,8.10620669252912,9.51272393108206,9.41818742560115,-1.17286347573313,5.1130071095337,"4.6502735170110681","6.7196318094799024","4.9906228883529771",".."
"Sweden",0.271455157913963,"24.097737359855863","20.974331680418924","18.035654820607533","16.115060650695042","19.711268913015225","22.63998849400361","22.318838693306358","22.786192700504468","23.932065408708748","25.305199193800814","26.126501882534907","26.555105835352492","25.883026589044029","27.040597919613052","27.025720432276231","27.616617963546968","30.453729822881687","31.643267810463481","31.083337394213888","26.381830868205125",28.3737023619051,28.3354979711707,26.7315278709549,26.2857133100958,26.2842608570896,26.1686779637915,25.8523848944459,26.8737108114358,27.1551676200889,29.3945142529843,"30.028411575987864","31.864061687584037","31.345459046796719","31.050653966620217"
"Switzerland",0.342629844753632,"36.134199640623962","34.1626926938727","32.174443442731246","32.609750939052311","32.480423856142238","32.797064248619527","32.10385688465032","33.390807685789916","34.237244334282487","34.34713133309544","37.555258930351812","34.427054120610528","32.57728347548823","36.391870684250179","36.617814851230207","38.691297760765977","40.593241818505646","35.762438448896496","28.750659014394824","34.599570693121969",39.3544124293267,35.2708269698293,36.230980384584,35.5636446054026,33.4207524103889,34.8318008012769,33.6532127923444,31.8219341763601,31.3875168373698,31.0947633467488,"30.376989812824988","35.249347318175623","34.867293533964755","32.6780413326863"
"Tajikistan",0.242005950050286,"..","..","..","..","..","..","..","..","..","..","..","..","18.383634723666045","17.648231715449235","12.578779694764322","22.704673111786761","37.053558686890035","16.930175709700347","22.748690945681975","13.995877008497473",11.7760673380684,15.1502470679034,11.4870314217353,11.8495534990106,16.2152412351248,41.6700102271379,32.3053110478566,30.5105614472909,34.5852256137624,36.4567011523959,"36.064818601642642","40.429735330137909","50.231666756047588",".."
"Tanzania",0.267993086295675,"36.819139024882666","34.698443581196784","35.909917975269593","34.601318878196295","33.489014628482657","37.796089330945492","38.699442731078378","38.714604431933587","18.035217073029667","14.873055701608335","17.12749990949289","17.0872613326582","20.634657979855827","22.616819498751774","25.293223170253821","25.361124285460917","27.561299607135766","26.455799798104916","29.336054305991215","29.342933472156485",25.0727696401432,22.5842054427503,22.2368870246898,23.1882884312468,24.4704648055713,25.684052401256,29.8534321875204,30.6091757647791,31.7107509768062,32.5830596209119,"36.433481801840976","37.054744749939836","35.786109590647023","36.041950560724757"
"Thailand",0.298148842627834,"32.82681871088618","34.52801616983205","34.019905421832405","35.940378563962774","35.8027071005383","35.80281170538413","34.603520180903317","32.254597509117289","31.743744505645743","30.455237567540593","30.7820937245273","28.225509577268546","28.103890614555034","27.973839641845171","27.899484106246845","28.240952423302339","30.445148312901132","32.24983409155756","30.662055726250596","29.274060796543871",29.6275906793853,31.4339629664977,28.9313113964315,27.2207671462189,27.4850789547057,28.043823657924,30.0765044478694,31.9424672317789,31.6865849444729,31.7007512025501,"28.150914103550061","27.532081849558772","26.664399596517789","25.351699354065758"
"Togo",0.143526154581455,"33.195819994641731","32.122337273520913","31.558677744465548","4.2308823100742572","29.881344792048008","32.180153715493212","20.671945598746838","21.275803741291867","14.327876158816588","14.452179030378828","22.852682437744214","21.233968835442237","24.850879393460552","26.664536095966508","29.069699712442493","18.780008798067914","13.710676395991134","12.320090596575056","11.637632604248267","10.163917299457392",10.9311590414386,13.9037123172547,11.9962378435176,12.4182029247823,14.9327605641968,16.7394867635802,12.9648056913984,15.3252835523154,16.5052261508047,17.8092797321657,"21.050420515812586","..","..",".."
"Tunisia",0.14107850803756,"23.434262291311388","22.234982882205276","21.861546049038921","19.590126196793392","21.13217485279641","20.333110290732446","22.604279348265003","21.672462391210821","21.886617661866879","22.7621455184121","22.171749525894764","22.038405758701824","20.266433006358728","20.274952816945653","21.102772915631078","20.206585853210932","21.162377994676135","20.741809223724971","21.213174993946847","20.957884834313838",21.4283277441283,16.4969739959665,16.8895701302522,14.8872881086215,14.8704877368616,12.9451171574861,11.6645618978206,10.9631757203845,10.6815524034313,10.2514531426079,"5.5661490686192154","8.6996249401531021","5.6896585634034125","9.757707058629796"
"Turkiye",0.247649445587993,"21.691362290051245","18.552669829995029","18.348793818732574","18.513951818464516","18.191319313568393","19.609096533248028","21.800704445056198","20.492078130625803","25.731235828247172","21.81994463218544","21.403969624397224","21.520088245782635","22.452599204926567","20.653712441417927","22.306732865773448","23.64036030682108","24.626761994941038","23.912255777433451","24.620375305765048","21.949702204575861",21.7976397251872,23.0272709507548,23.3804266505916,23.9117362411612,24.8999487586543,25.214418163276,24.9819093330236,26.0568650904151,27.9879252463876,26.3913054285411,"27.073287841132544","30.622391762394475","30.029747010056607","26.563905140496292"
"Uganda",0.209816932126248,"4.5410719580707788","7.3862052332815482","13.086161191846394","16.011672108044436","18.864202247589361","15.033501818097998","21.834301666310306","24.229722482409297","18.861356929757932","17.5823138225611","14.356493038458817","14.56366733675357","16.615832673894708","17.803974397912057","20.945562042318887","20.843931499278252","17.520913267776692","16.80489477655598","22.376132120661946","17.699545097147098",18.691305803841,16.5879917115683,18.5421758791765,22.4709901790259,25.1399107349882,16.5792421955497,24.1946272588375,23.5981338147047,21.327637397102,22.6849171514542,"21.809704320603853","20.179417016473142","21.400579476936105","20.910441304633508"
"Ukraine",0.139712637192176,"..","..","..","..","32.270300157680992","23.406279818080495","19.97886900109177","18.787762662668023","18.330679621416664","22.452694110792535","20.930412872456394","21.886008097549425","23.871722338962492","23.911806382434065","27.904745709618954","21.933385230416004","19.403390688438243","20.207127888740072","16.208772749311429","12.070582892838965",13.94410294846,11.722376410229,12.2981148809948,7.88647456387092,9.90162305599229,21.4570784902924,19.7320852692269,16.8636103033415,13.622164546266,12.2850067235023,"12.219560426771412","12.556590093726683","16.416376092522512","10.04460006402741"
"United Kingdom",0.135583235812385,"16.349615327030691","15.663212940140742","14.649957840812508","14.496939706782175","16.650679153144225","15.522853432398657","15.726933889089439","16.229291736958345","17.480528909943462","15.955139781947143","16.588699101427395","16.524021658405829","16.381141705450396","16.118611294287135","15.472384423666833","15.99363845112153","15.26580642789653","14.916065138400359","13.708997932948749","11.902583034707771",13.410002436171,14.3024781713069,12.9149029058058,11.9135958463683,12.7009560485373,12.9240720172424,12.4845682487876,14.9906366956537,14.2538751305031,15.688148312009,"14.692045528627414","17.484877370881229","14.966395153307241","13.383008167661121"
"United States",0.184219351424471,"18.759265246655122","18.814188530314972","17.688024695693944","17.05100444568604","17.861705041527404","18.758936975547233","19.651122576866793","20.847657933172542","21.390500326774777","20.926103282134303","20.813335190721798","19.657276097770076","18.38085962733647","17.428714828764583","17.733160702341191","18.122458001056355","19.199754364329031","17.427948488858959","15.058806913700346","13.8930493967185",15.3832511206248,16.3373255386695,18.3792944123805,18.5633187946246,19.656661027986,19.6984272057875,18.5586926139993,18.9790569108808,19.2320912200296,19.4312325794887,"18.386783243783807","17.752631404925033","18.422358257097454","17.466724967243803"
"Uruguay",0.154689373853803,"14.087797791721728","15.967060155536277","14.632789177198047","13.943834116856745","13.65731453244538","14.123004504139022","14.068930769462836","13.564332055007194","13.94294029496767","12.002885149591643","10.969746532016629","11.443953095055607","15.38457852178891","14.925677660121384","16.72337975021291","17.578546485926758","16.512084532373986","16.897279953249104","15.969012204646249","17.676840764999625",17.1467124778835,17.5508988095752,12.819067778694,14.549590317249,13.237986853922,15.2067808737371,18.2748744153248,16.0695105231568,14.4298554488945,15.4040963553662,"15.601166545184904","15.507336659757879","14.267098859825831","13.623086582170465"
"Viet Nam",0.317924006535231,"..","..","..","..","..","..","21.196503227514004","21.795506172378939","23.344799829370917","26.871376208600246","31.247793312653123","31.301895580413259","32.527674508457117","31.493220573482294","33.466382686035509","33.075033652529925","33.330763377654691","31.840216892624056","27.90047255741943","27.502746171331605",33.4362082984544,35.7658995890213,34.8650174309078,33.2013418950008,32.9915517464887,28.072940026902,28.4694474915151,28.8568707708549,30.9316977896401,31.3330314964465,"33.007325895668579","32.596363648818688","32.799990897571178","34.373982512346764"
"Zambia",0.388674729742451,"..","..","..","..","..","..","..","..","..","..","..","..","..","..","..","..","..","..","..","..",34.1488267660993,36.0364280397479,40.976036309852,37.9153889421074,39.5203593375001,37.75195154648,37.3564487634402,43.287245222602,41.8960361305334,39.7860086840886,"46.415645677802587","45.138756724127745","44.95062954261244","35.777654516503318"
"Zimbabwe",0.0556052330551656,"-1.2222767537155117","-5.6727127128400214","-11.585188310318483","-0.15355228804597476","-5.2856709146074179","..","..","..","..","..","..","..","..","..","..","..","..","..","..","-6.6016942248013928",-1.4712164236792,-0.250434552131031,-12.6636070974562,-5.48151514414552,-4.79079472871203,-10.0868409833759,-4.96781772342382,64.6466744100729,13.9239063441137,16.7468789539027,"15.09726783518413","17.237566763675439","12.547877544658586","16.654034886204776"
